{"cameraMode":{"drawMode":0,"name":"Shaded","section":"Shading Mode"},"sceneLighting":true,"audioPlay":false,"sceneViewState":{"m_AlwaysRefresh":false,"showFog":true,"showSkybox":true,"showFlares":true,"showImageEffects":true,"showParticleSystems":true,"showVisualEffectGraphs":true,"m_FxEnabled":true},"in2DMode":false,"pivot":{"x":30.786333084106447,"y":5.840801239013672,"z":-9.339608192443848},"rotation":{"x":-0.15533344447612763,"y":-0.30378293991088869,"z":-0.05027195066213608,"w":0.9386485815048218},"size":4.1868510246276859,"orthographic":false}