{"cameraMode":{"drawMode":0,"name":"Shaded","section":"Shading Mode"},"sceneLighting":true,"audioPlay":false,"sceneViewState":{"m_AlwaysRefresh":false,"showFog":true,"showSkybox":true,"showFlares":true,"showImageEffects":true,"showParticleSystems":true,"showVisualEffectGraphs":true,"m_FxEnabled":true},"in2DMode":false,"pivot":{"x":27.92544174194336,"y":1.9658024311065674,"z":9.30211353302002},"rotation":{"x":-0.03726361691951752,"y":-0.43275007605552676,"z":0.017569031566381456,"w":-0.9008126854896545},"size":10.740745544433594,"orthographic":false}