{"cameraMode":{"drawMode":0,"name":"Shaded","section":"Shading Mode"},"sceneLighting":true,"audioPlay":false,"sceneViewState":{"m_AlwaysRefresh":false,"showFog":true,"showSkybox":true,"showFlares":true,"showImageEffects":true,"showParticleSystems":true,"showVisualEffectGraphs":true,"m_FxEnabled":true},"in2DMode":false,"pivot":{"x":0.43491557240486147,"y":23.156259536743165,"z":-3.5191407203674318},"rotation":{"x":-0.16972051560878755,"y":-0.7177789807319641,"z":0.1878308206796646,"w":-0.6488431096076965},"size":3.816084384918213,"orthographic":false}