{"cameraMode":{"drawMode":0,"name":"Shaded","section":"Shading Mode"},"sceneLighting":true,"audioPlay":false,"sceneViewState":{"m_AlwaysRefresh":false,"showFog":true,"showSkybox":true,"showFlares":true,"showImageEffects":true,"showParticleSystems":true,"showVisualEffectGraphs":true,"m_FxEnabled":true},"in2DMode":false,"pivot":{"x":1.9183553457260132,"y":-1.7499908208847047,"z":-2.394256591796875},"rotation":{"x":-0.09699081629514694,"y":0.6820717453956604,"z":-0.09124328941106796,"w":-0.7196693420410156},"size":14.170013427734375,"orthographic":false}