{"cameraMode":{"drawMode":0,"name":"Shaded","section":"Shading Mode"},"sceneLighting":true,"audioPlay":false,"sceneViewState":{"m_AlwaysRefresh":false,"showFog":true,"showSkybox":true,"showFlares":true,"showImageEffects":true,"showParticleSystems":true,"showVisualEffectGraphs":true,"m_FxEnabled":true},"in2DMode":false,"pivot":{"x":25.24456787109375,"y":-13.627596855163575,"z":14.374207496643067},"rotation":{"x":0.1472567468881607,"y":-0.10237033665180206,"z":0.015029522590339184,"w":0.9841273427009583},"size":14.170013427734375,"orthographic":false}