{"cameraMode":{"drawMode":0,"name":"Shaded","section":"Shading Mode"},"sceneLighting":true,"audioPlay":false,"sceneViewState":{"m_AlwaysRefresh":false,"showFog":true,"showSkybox":true,"showFlares":true,"showImageEffects":true,"showParticleSystems":true,"showVisualEffectGraphs":true,"m_FxEnabled":true},"in2DMode":false,"pivot":{"x":13.293462753295899,"y":9.736226081848145,"z":-11.676202774047852},"rotation":{"x":0.059083011001348498,"y":-0.8144391775131226,"z":0.08479389548301697,"w":0.571500837802887},"size":14.170013427734375,"orthographic":false}