{"cameraMode":{"drawMode":0,"name":"Shaded","section":"Shading Mode"},"sceneLighting":false,"audioPlay":false,"sceneViewState":{"m_AlwaysRefresh":false,"showFog":true,"showSkybox":false,"showFlares":true,"showImageEffects":true,"showParticleSystems":true,"showVisualEffectGraphs":true,"m_FxEnabled":true},"in2DMode":false,"pivot":{"x":-78.10952758789063,"y":161.22866821289063,"z":-27.8865966796875},"rotation":{"x":-0.09882425516843796,"y":0.016916023567318918,"z":0.0016801729798316956,"w":0.9949620366096497},"size":432.20831298828127,"orthographic":true}